{"cameraMode":{"drawMode":0,"name":"Shaded","section":"Shading Mode"},"sceneLighting":false,"audioPlay":false,"sceneViewState":{"showFog":true,"showMaterialUpdate":false,"showSkybox":false,"showFlares":true,"showImageEffects":true,"showParticleSystems":true},"in2DMode":false,"pivot":{"x":-0.09034089744091034,"y":0.026638805866241456,"z":0.2347164750099182},"rotation":{"x":0.6741448640823364,"y":-0.026569422334432603,"z":0.024279681965708734,"w":0.7377214431762695},"size":0.46701180934906008,"orthographic":false}