{"cameraMode":{"drawMode":0,"name":"Shaded","section":"Shading Mode"},"sceneLighting":false,"audioPlay":false,"sceneViewState":{"showFog":true,"showMaterialUpdate":false,"showSkybox":false,"showFlares":true,"showImageEffects":true,"showParticleSystems":true},"in2DMode":false,"pivot":{"x":-0.21958258748054505,"y":0.05445392429828644,"z":0.13670478761196137},"rotation":{"x":-0.1559157818555832,"y":0.33435338735580447,"z":0.056190188974142078,"w":0.9277619123458862},"size":0.36025744676589968,"orthographic":false}