{"cameraMode":{"drawMode":0,"name":"Shaded","section":"Shading Mode"},"sceneLighting":false,"audioPlay":false,"sceneViewState":{"showFog":true,"showMaterialUpdate":false,"showSkybox":false,"showFlares":true,"showImageEffects":true,"showParticleSystems":true},"in2DMode":false,"pivot":{"x":-0.08723990619182587,"y":0.054303932934999469,"z":0.28834110498428347},"rotation":{"x":0.1806570142507553,"y":-0.6714507341384888,"z":0.1739560216665268,"w":0.6973214745521545},"size":0.5429040193557739,"orthographic":true}