{"cameraMode":{"drawMode":0,"name":"Shaded","section":"Shading Mode"},"sceneLighting":false,"audioPlay":false,"sceneViewState":{"showFog":true,"showMaterialUpdate":false,"showSkybox":false,"showFlares":true,"showImageEffects":true,"showParticleSystems":true},"in2DMode":false,"pivot":{"x":-0.083526611328125,"y":0.08709716796875,"z":0.31452178955078127},"rotation":{"x":0.41514647006988528,"y":0.5497372150421143,"z":-0.364111989736557,"w":0.6267897486686707},"size":0.198358952999115,"orthographic":true}