{"cameraMode":{"drawMode":0,"name":"Shaded","section":"Shading Mode"},"sceneLighting":false,"audioPlay":false,"sceneViewState":{"showFog":true,"showMaterialUpdate":false,"showSkybox":false,"showFlares":true,"showImageEffects":true,"showParticleSystems":true},"in2DMode":false,"pivot":{"x":0.007521435618400574,"y":0.07459105551242829,"z":0.2922365367412567},"rotation":{"x":0.20174485445022584,"y":-0.6749265789985657,"z":0.1999378800392151,"w":0.6810287237167358},"size":0.16701185703277589,"orthographic":false}