{"cameraMode":{"drawMode":0,"name":"Shaded","section":"Shading Mode"},"sceneLighting":false,"audioPlay":false,"sceneViewState":{"showFog":true,"showMaterialUpdate":false,"showSkybox":false,"showFlares":true,"showImageEffects":true,"showParticleSystems":true},"in2DMode":false,"pivot":{"x":-0.1806659698486328,"y":0.024936236441135408,"z":0.22364258766174317},"rotation":{"x":0.5850117206573486,"y":0.05221809819340706,"z":-0.03778569772839546,"w":0.8084593415260315},"size":0.1670117974281311,"orthographic":false}