{"cameraMode":{"drawMode":0,"name":"Shaded","section":"Shading Mode"},"sceneLighting":false,"audioPlay":false,"sceneViewState":{"showFog":true,"showMaterialUpdate":false,"showSkybox":false,"showFlares":true,"showImageEffects":true,"showParticleSystems":true},"in2DMode":false,"pivot":{"x":0.03249339759349823,"y":0.06569815427064896,"z":0.29850703477859499},"rotation":{"x":0.1806570142507553,"y":-0.6714507341384888,"z":0.1739560216665268,"w":0.6973214745521545},"size":0.24290400743484498,"orthographic":true}