{"cameraMode":{"drawMode":0,"name":"Shaded","section":"Shading Mode"},"sceneLighting":false,"audioPlay":false,"sceneViewState":{"showFog":true,"showMaterialUpdate":false,"showSkybox":false,"showFlares":true,"showImageEffects":true,"showParticleSystems":true},"in2DMode":false,"pivot":{"x":-0.05098799988627434,"y":0.0015085786581039429,"z":0.03539632633328438},"rotation":{"x":0.028128236532211305,"y":0.8092116713523865,"z":-0.03887201100587845,"w":0.5855554938316345},"size":0.6458147764205933,"orthographic":true}