{"cameraMode":{"drawMode":0,"name":"Shaded","section":"Shading Mode"},"sceneLighting":false,"audioPlay":false,"sceneViewState":{"showFog":true,"showMaterialUpdate":false,"showSkybox":false,"showFlares":true,"showImageEffects":true,"showParticleSystems":true},"in2DMode":false,"pivot":{"x":0.0012019984424114228,"y":0.089878611266613,"z":-0.0241544172167778},"rotation":{"x":0.2514409124851227,"y":-0.6003496050834656,"z":0.2066507488489151,"w":0.7305267453193665},"size":0.14053097367286683,"orthographic":false}