{"cameraMode":{"drawMode":0,"name":"Shaded","section":"Shading Mode"},"sceneLighting":false,"audioPlay":false,"sceneViewState":{"showFog":true,"showMaterialUpdate":false,"showSkybox":false,"showFlares":true,"showImageEffects":true,"showParticleSystems":true},"in2DMode":false,"pivot":{"x":-0.03419652581214905,"y":0.02488839626312256,"z":0.2807166874408722},"rotation":{"x":-0.06630519032478333,"y":0.8018637299537659,"z":-0.0905909538269043,"w":-0.5868709683418274},"size":0.2241399884223938,"orthographic":false}