{"cameraMode":{"drawMode":0,"name":"Shaded","section":"Shading Mode"},"sceneLighting":false,"audioPlay":false,"sceneViewState":{"showFog":true,"showMaterialUpdate":false,"showSkybox":false,"showFlares":true,"showImageEffects":true,"showParticleSystems":true},"in2DMode":false,"pivot":{"x":0.00564791401848197,"y":0.024936020374298097,"z":0.25811949372291567},"rotation":{"x":0.6295183897018433,"y":-0.010020887479186058,"z":0.00812014564871788,"w":0.776879608631134},"size":1.067011833190918,"orthographic":false}