{"cameraMode":{"drawMode":0,"name":"Shaded","section":"Shading Mode"},"sceneLighting":false,"audioPlay":false,"sceneViewState":{"showFog":true,"showMaterialUpdate":false,"showSkybox":false,"showFlares":true,"showImageEffects":true,"showParticleSystems":true},"in2DMode":false,"pivot":{"x":-0.21334218978881837,"y":0.10070419311523438,"z":0.0020618438720703127},"rotation":{"x":0.17779673635959626,"y":-0.6427685022354126,"z":0.15688621997833253,"w":0.7284406423568726},"size":0.7245919108390808,"orthographic":false}