{"cameraMode":{"drawMode":0,"name":"Shaded","section":"Shading Mode"},"sceneLighting":false,"audioPlay":false,"sceneViewState":{"showFog":true,"showMaterialUpdate":false,"showSkybox":false,"showFlares":true,"showImageEffects":true,"showParticleSystems":true},"in2DMode":false,"pivot":{"x":-0.024942364543676378,"y":0.0015085786581039429,"z":0.02300836518406868},"rotation":{"x":0.3669743835926056,"y":-0.6055575609207153,"z":0.3692043125629425,"w":0.6019445061683655},"size":0.6650177240371704,"orthographic":false}